USE `avatar`;

INSERT INTO `operator`(`id`, `name`) VALUES
(1, '电信'),
(2, '移动'),
(3, '联通');

INSERT INTO `order_biz_type` (`id`, `name`, `operator`) VALUES
(1, '100M', 1),
(2, '200M', 1),
(3, '商业光纤专线', 1),
(4, '100M', 2),
(5, '200M', 2),
(6, '100M', 3),
(7, '200M', 3);

INSERT INTO `order` (`id`, `status`, `biz_type`, `openid`, `realname`, `nickname`, `headimgurl`, `mobile`, `address`, `lon`, `lat`, `install_time`, `created_at`) VALUES
(1, 1, 1, '1', '曹操', '曹操', 'http://www.sanguosha.com/uploads/201610/580f2ae08104c.jpg', '18682476844', '福田区 福华路319号 工商银行大厦', 114.074352,22.539834, '2018-09-01 00:00', '2018-09-01'),
(2, 2, 2, '2', '郭嘉', '郭嘉', 'http://www.sanguosha.com/uploads/201610/580f2fcf4ba5f.jpg', '18682476844', '宝安区 万安路271号 农业银行', 113.831181,22.732627, '2018-08-10 00:00', '2018-08-10'),
(3, 3, 3, '3', '张辽', '张辽', 'http://www.sanguosha.com/uploads/201610/580f2dc2d482f.jpg', '18682476844', '罗湖区 深南东路2008号 中国银行', 114.135803,22.551538, '2018-06-10 00:00', '2018-06-10'),
(4, 4, 4, '4', '甄姬', '甄姬', 'http://www.sanguosha.com/uploads/201610/580f30f7e9257.jpg', '18682476844', '龙华区 新澜大街91号 中国建设银行', 114.061331,22.723799, '2018-03-20 00:00', '2018-03-20'),
(5, 1, 5, '5', '刘备', '刘备', 'http://www.sanguosha.com/uploads/201610/580dbfea5d651.jpg', '18682476844', '福田区 福华路319号 工商银行大厦', 114.074352,22.539834, '2018-09-01 00:00', '2018-09-01'),
(6, 2, 6, '6', '关羽', '关羽', 'http://www.sanguosha.com/uploads/201610/580f092679ca9.jpg', '18682476844', '宝安区 万安路271号 农业银行', 113.831181,22.732627, '2018-08-10 00:00', '2018-08-10'),
(7, 3, 1, '7', '张飞', '张飞', 'http://www.sanguosha.com/uploads/201610/580f1188f0be5.jpg', '18682476844', '罗湖区 深南东路2008号 中国银行', 114.135803,22.551538, '2018-06-15 00:00', '2018-06-15'),
(8, 4, 2, '8', '黄月英', '黄月英', 'http://www.sanguosha.com/uploads/201610/580f1d9e1265c.jpg', '18682476844', '龙华区 新澜大街91号 中国建设银行', 114.061331,22.723799, '2018-06-10 00:00', '2018-06-10'),
(9, 1, 3, '9', '孙权', '孙权', 'http://www.sanguosha.com/uploads/201610/580f1fe5507c2.jpg', '18682476844', '福田区 福华路319号 工商银行大厦', 114.074352,22.539834, '2018-09-01 00:00', '2018-09-01'),
(10, 2, 4, '10', '周瑜', '周瑜', 'http://www.sanguosha.com/uploads/201610/580f237170c07.jpg', '18682476844', '宝安区 万安路271号 农业银行', 113.831181,22.732627, '2018-08-10 00:00', '2018-08-10'),
(11, 3, 5, '11', '黄盖', '黄盖', 'http://www.sanguosha.com/uploads/201610/580f22882d728.jpg', '18682476844', '罗湖区 深南东路2008号 中国银行', 114.135803,22.551538, '2018-08-09 00:00', '2018-08-09'),
(12, 4, 6, '12', '孙尚香', '孙尚香', 'http://www.sanguosha.com/uploads/201610/580f25f96a510.jpg', '18682476844', '龙华区 新澜大街91号 中国建设银行', 114.061331,22.723799, '2018-03-11 00:00', '2018-03-11');

INSERT INTO `order_record` (`orderid`, `operation`, `opname`, `created_at`) VALUES
(1, 1, '曹操', '2018-09-01'),
(2, 1, '郭嘉', '2018-08-10'),
(3, 1, '张辽', '2018-06-10'),
(4, 1, '甄姬', '2018-03-20'),
(5, 1, '刘备', '2018-09-01'),
(6, 1, '关羽', '2018-08-10'),
(7, 1, '张飞', '2018-06-15'),
(8, 1, '黄月英', '2018-06-10'),
(9, 1, '孙权', '2018-09-01'),
(10, 1, '周瑜', '2018-08-10'),
(11, 1, '黄盖', '2018-08-09'),
(12, 1, '孙尚香', '2018-03-11');

INSERT INTO `pageview_statistic` (`date`, `num`) VALUES
('2018-09-09', 10),
('2018-09-08', 8),
('2018-09-05', 5),
('2018-09-03', 10),
('2018-09-02', 4),
('2018-09-01', 20),
('2018-08-30', 15),
('2018-08-15', 10),
('2018-08-10', 30),
('2018-08-03', 6),
('2018-07-10', 50),
('2018-06-10', 40),
('2018-05-10', 60),
('2018-04-10', 45),
('2018-03-10', 20);


INSERT INTO `order_statistic` (`date`, `num`) VALUES
('2018-03-11', 1),
('2018-03-20', 1),
('2018-06-10', 2),
('2018-06-15', 1),
('2018-08-09', 1),
('2018-08-10', 3),
('2018-09-01', 3);
