USE `avatar`;

INSERT INTO `qrcode` (`id`, `name`, `owner`, `imagename`) VALUES
(1, '第一个', '95a8723d921e9bd8de3264de2e712f02', '1.jpg'),
(2, '第二个', 'fancy', '2.jpg'),
(3, '第三个', 'liQuan', '2.jpg');

INSERT INTO `order` (`id`, `status`, `biz`, `realname`, `nickname`, `headimgurl`, `mobile`, `address`, `lon`, `lat`, `installtime`, `source`, `created_at`) VALUES
(1, 1, 11, '曹操', '曹操', 'http://www.sanguosha.com/uploads/201610/580f2ae08104c.jpg', '18682476844', '福田区 福华路319号 工商银行大厦', 114.074352,22.539834, '2018-09-01 00:00', 1, '2018-09-01'),
(2, 2, 12, '郭嘉', '郭嘉', 'http://www.sanguosha.com/uploads/201610/580f2fcf4ba5f.jpg', '18682476844', '宝安区 万安路271号 农业银行', 113.831181,22.732627, '2018-08-10 00:00', 2, '2018-08-10'),
(3, 3, 13, '张辽', '张辽', 'http://www.sanguosha.com/uploads/201610/580f2dc2d482f.jpg', '18682476844', '罗湖区 深南东路2008号 中国银行', 114.135803,22.551538, '2018-06-10 00:00', 3, '2018-06-10'),
(4, 4, 14, '甄姬', '甄姬', 'http://www.sanguosha.com/uploads/201610/580f30f7e9257.jpg', '18682476844', '龙华区 新澜大街91号 中国建设银行', 114.061331,22.723799, '2018-03-20 00:00', NULL, '2018-03-20'),
(5, 1, 21, '刘备', '刘备', 'http://www.sanguosha.com/uploads/201610/580dbfea5d651.jpg', '18682476844', '福田区 福华路319号 工商银行大厦', 114.074352,22.539834, '2018-09-01 00:00', 1, '2018-09-01'),
(6, 2, 22, '关羽', '关羽', 'http://www.sanguosha.com/uploads/201610/580f092679ca9.jpg', '18682476844', '宝安区 万安路271号 农业银行', 113.831181,22.732627, '2018-08-10 00:00', 2, '2018-08-10'),
(7, 3, 31, '张飞', '张飞', 'http://www.sanguosha.com/uploads/201610/580f1188f0be5.jpg', '18682476844', '罗湖区 深南东路2008号 中国银行', 114.135803,22.551538, '2018-06-15 00:00', 3, '2018-06-15'),
(8, 4, 32, '黄月英', '黄月英', 'http://www.sanguosha.com/uploads/201610/580f1d9e1265c.jpg', '18682476844', '龙华区 新澜大街91号 中国建设银行', 114.061331,22.723799, '2018-06-10 00:00', NULL, '2018-06-10'),
(9, 1, 11, '孙权', '孙权', 'http://www.sanguosha.com/uploads/201610/580f1fe5507c2.jpg', '18682476844', '福田区 福华路319号 工商银行大厦', 114.074352,22.539834, '2018-09-01 00:00', 1, '2018-09-01'),
(10, 2, 12, '周瑜', '周瑜', 'http://www.sanguosha.com/uploads/201610/580f237170c07.jpg', '18682476844', '宝安区 万安路271号 农业银行', 113.831181,22.732627, '2018-08-10 00:00', 1, '2018-08-10'),
(11, 3, 21, '黄盖', '黄盖', 'http://www.sanguosha.com/uploads/201610/580f22882d728.jpg', '18682476844', '罗湖区 深南东路2008号 中国银行', 114.135803,22.551538, '2018-08-09 00:00', 1, '2018-08-09'),
(12, 4, 31, '孙尚香', '孙尚香', 'http://www.sanguosha.com/uploads/201610/580f25f96a510.jpg', '18682476844', '龙华区 新澜大街91号 中国建设银行', 114.061331,22.723799, '2018-03-11 00:00', 2, '2018-03-11');

INSERT INTO `order_record` (`orderid`, `operation`, `opname`, `created_at`) VALUES
(1, 1, '曹操', '2018-09-01'),
(2, 1, '郭嘉', '2018-08-10'),
(3, 1, '张辽', '2018-06-10'),
(4, 1, '甄姬', '2018-03-20'),
(5, 1, '刘备', '2018-09-01'),
(6, 1, '关羽', '2018-08-10'),
(7, 1, '张飞', '2018-06-15'),
(8, 1, '黄月英', '2018-06-10'),
(9, 1, '孙权', '2018-09-01'),
(10, 1, '周瑜', '2018-08-10'),
(11, 1, '黄盖', '2018-08-09'),
(12, 1, '孙尚香', '2018-03-11');

INSERT INTO `pageview` (`date`, `num`, `source`) VALUES
('2018-10-09', 10, 1),
('2018-10-08', 8, 2),
('2018-10-05', 5, 3),
('2018-10-03', 10, NULL),
('2018-10-02', 4, 1),
('2018-10-01', 20, 2),
('2018-09-30', 15, 3),
('2018-09-15', 10, 4),
('2018-09-10', 30, NULL),
('2018-09-03', 6, 1),
('2018-08-10', 50, 1),
('2018-07-10', 40, 1),
('2018-06-10', 60, 2),
('2018-05-10', 45, 3),
('2018-04-10', 20, NULL);
